Student ID,Name,Major,Risk Score (%),Predicted At
STU1001,Student 1001,Arts,85.7,2026-05-12 12:12:40
STU1003,Student 1003,Science,76.6,2026-05-12 12:12:40
STU1004,Student 1004,Arts,70.32,2026-05-12 12:12:40
STU1006,Student 1006,Business,90.2,2026-05-12 12:12:40
STU1008,Student 1008,Computer Science,84.34,2026-05-12 12:12:40
STU1010,Student 1010,Engineering,54.52,2026-05-12 12:12:40
STU1012,Student 1012,Business,74.97,2026-05-12 12:12:40
STU1014,Student 1014,Science,67.99,2026-05-12 12:12:40
STU1016,Student 1016,Engineering,66.68,2026-05-12 12:12:40
STU1017,Student 1017,Engineering,98.86,2026-05-12 12:12:40
STU1021,Student 1021,Computer Science,79.05,2026-05-12 12:12:40
STU1023,Student 1023,Computer Science,81.15,2026-05-12 12:12:40
STU1025,Student 1025,Science,81.99,2026-05-12 12:12:40
STU1029,Student 1029,Science,95.55,2026-05-12 12:12:40
STU1030,Student 1030,Arts,76.28,2026-05-12 12:12:40
STU1031,Student 1031,Computer Science,79.85,2026-05-12 12:12:40
STU1033,Student 1033,Engineering,99.65,2026-05-12 12:12:40
STU1034,Student 1034,Engineering,81.4,2026-05-12 12:12:40
STU1036,Student 1036,Arts,97.42,2026-05-12 12:12:40
STU1037,Student 1037,Arts,53.33,2026-05-12 12:12:40
STU1038,Student 1038,Business,83.99,2026-05-12 12:12:40
STU1039,Student 1039,Science,69.24,2026-05-12 12:12:40
STU1040,Student 1040,Science,91.55,2026-05-12 12:12:40
STU1041,Student 1041,Computer Science,70.62,2026-05-12 12:12:40
STU1042,Student 1042,Engineering,71.1,2026-05-12 12:12:40
STU1043,Student 1043,Computer Science,84.53,2026-05-12 12:12:40
STU1047,Student 1047,Arts,94.45,2026-05-12 12:12:40
STU1048,Student 1048,Arts,83.49,2026-05-12 12:12:40
STU1049,Student 1049,Science,73.5,2026-05-12 12:12:40
STU1050,Student 1050,Business,55.58,2026-05-12 12:12:40
STU1051,Student 1051,Science,62.17,2026-05-12 12:12:40
STU1052,Student 1052,Computer Science,54.95,2026-05-12 12:12:40
STU1054,Student 1054,Engineering,72.41,2026-05-12 12:12:40
STU1055,Student 1055,Arts,88.55,2026-05-12 12:12:40
STU1056,Student 1056,Science,97.72,2026-05-12 12:12:40
STU1065,Student 1065,Science,70.05,2026-05-12 12:12:40
STU1068,Student 1068,Science,62.89,2026-05-12 12:12:40
STU1069,Student 1069,Arts,58.01,2026-05-12 12:12:40
STU1070,Student 1070,Computer Science,89.86,2026-05-12 12:12:40
STU1076,Student 1076,Computer Science,88.15,2026-05-12 12:12:40
STU1077,Student 1077,Engineering,94.43,2026-05-12 12:12:40
STU1078,Student 1078,Computer Science,62.76,2026-05-12 12:12:40
STU1080,Student 1080,Arts,54.55,2026-05-12 12:12:40
STU1081,Student 1081,Business,67.2,2026-05-12 12:12:40
STU1082,Student 1082,Engineering,83.9,2026-05-12 12:12:40
STU1084,Student 1084,Arts,54.89,2026-05-12 12:12:40
STU1087,Student 1087,Engineering,61.84,2026-05-12 12:12:40
STU1088,Student 1088,Computer Science,79.73,2026-05-12 12:12:40
STU1089,Student 1089,Business,56.38,2026-05-12 12:12:40
STU1091,Student 1091,Engineering,72.53,2026-05-12 12:12:40
STU1093,Student 1093,Arts,79.54,2026-05-12 12:12:40
STU1094,Student 1094,Science,84.56,2026-05-12 12:12:40
STU1096,Student 1096,Science,50.96,2026-05-12 12:12:40
STU1098,Student 1098,Arts,89.1,2026-05-12 12:12:40
STU1101,Student 1101,Engineering,90.52,2026-05-12 12:12:40
STU1104,Student 1104,Business,94.39,2026-05-12 12:12:40
STU1105,Student 1105,Computer Science,50.28,2026-05-12 12:12:40
STU1106,Student 1106,Science,99.84,2026-05-12 12:12:40
STU1107,Student 1107,Arts,89.02,2026-05-12 12:12:40
STU1108,Student 1108,Computer Science,75.92,2026-05-12 12:12:40
STU1109,Student 1109,Computer Science,77.53,2026-05-12 12:12:40
STU1110,Student 1110,Computer Science,57.41,2026-05-12 12:12:40
STU1112,Student 1112,Science,91.69,2026-05-12 12:12:40
STU1116,Student 1116,Science,79.14,2026-05-12 12:12:40
STU1117,Student 1117,Business,55.35,2026-05-12 12:12:40
STU1120,Student 1120,Business,94.57,2026-05-12 12:12:40
STU1122,Student 1122,Science,82.78,2026-05-12 12:12:40
STU1124,Student 1124,Computer Science,58.36,2026-05-12 12:12:40
STU1125,Student 1125,Science,64.68,2026-05-12 12:12:40
STU1128,Student 1128,Computer Science,85.82,2026-05-12 12:12:40
STU1129,Student 1129,Engineering,85.89,2026-05-12 12:12:40
STU1132,Student 1132,Arts,85.77,2026-05-12 12:12:40
STU1137,Student 1137,Computer Science,70.78,2026-05-12 12:12:40
STU1143,Student 1143,Business,98.42,2026-05-12 12:12:40
STU1150,Student 1150,Arts,90.76,2026-05-12 12:12:40
STU1154,Student 1154,Business,78.33,2026-05-12 12:12:40
STU1155,Student 1155,Engineering,68.53,2026-05-12 12:12:40
STU1157,Student 1157,Arts,55.87,2026-05-12 12:12:40
STU1160,Student 1160,Engineering,88.75,2026-05-12 12:12:40
STU1161,Student 1161,Science,54.87,2026-05-12 12:12:40
STU1167,Student 1167,Engineering,60.16,2026-05-12 12:12:40
STU1171,Student 1171,Engineering,87.47,2026-05-12 12:12:40
STU1172,Student 1172,Computer Science,77.22,2026-05-12 12:12:40
STU1174,Student 1174,Engineering,93.4,2026-05-12 12:12:40
STU1175,Student 1175,Business,50.58,2026-05-12 12:12:40
STU1179,Student 1179,Computer Science,83.51,2026-05-12 12:12:40
STU1182,Student 1182,Engineering,50.19,2026-05-12 12:12:40
STU1183,Student 1183,Arts,94.34,2026-05-12 12:12:40
STU1184,Student 1184,Computer Science,65.24,2026-05-12 12:12:40
STU1185,Student 1185,Business,60.86,2026-05-12 12:12:40
STU1188,Student 1188,Engineering,85.52,2026-05-12 12:12:40
STU1190,Student 1190,Science,65.41,2026-05-12 12:12:40
STU1194,Student 1194,Computer Science,99.7,2026-05-12 12:12:40
STU1196,Student 1196,Engineering,88.87,2026-05-12 12:12:40
STU1198,Student 1198,Business,75.08,2026-05-12 12:12:40
STU1200,Student 1200,Computer Science,96.38,2026-05-12 12:12:40
STU1201,Student 1201,Computer Science,83.38,2026-05-12 12:12:40
STU1206,Student 1206,Science,66.59,2026-05-12 12:12:40
STU1207,Student 1207,Engineering,69.0,2026-05-12 12:12:40
STU1208,Student 1208,Business,94.81,2026-05-12 12:12:40
STU1209,Student 1209,Engineering,88.57,2026-05-12 12:12:40
STU1212,Student 1212,Business,99.64,2026-05-12 12:12:40
STU1213,Student 1213,Computer Science,69.21,2026-05-12 12:12:40
STU1215,Student 1215,Science,59.82,2026-05-12 12:12:40
STU1221,Student 1221,Computer Science,60.16,2026-05-12 12:12:40
STU1223,Student 1223,Business,59.3,2026-05-12 12:12:40
STU1224,Student 1224,Engineering,66.46,2026-05-12 12:12:40
STU1225,Student 1225,Arts,98.65,2026-05-12 12:12:40
STU1229,Student 1229,Business,50.97,2026-05-12 12:12:40
STU1234,Student 1234,Computer Science,61.94,2026-05-12 12:12:40
STU1235,Student 1235,Engineering,88.35,2026-05-12 12:12:40
STU1236,Student 1236,Computer Science,82.61,2026-05-12 12:12:40
STU1238,Student 1238,Arts,83.34,2026-05-12 12:12:40
STU1241,Student 1241,Arts,99.76,2026-05-12 12:12:40
STU1244,Student 1244,Science,73.54,2026-05-12 12:12:40
STU1246,Student 1246,Arts,95.16,2026-05-12 12:12:40
STU1249,Student 1249,Arts,72.14,2026-05-12 12:12:40
STU1250,Student 1250,Engineering,97.0,2026-05-12 12:12:40
STU1252,Student 1252,Science,56.46,2026-05-12 12:12:40
STU1253,Student 1253,Science,91.75,2026-05-12 12:12:40
STU1255,Student 1255,Science,96.64,2026-05-12 12:12:40
STU1257,Student 1257,Engineering,64.31,2026-05-12 12:12:40
STU1259,Student 1259,Engineering,52.09,2026-05-12 12:12:40
STU1260,Student 1260,Computer Science,54.95,2026-05-12 12:12:40
STU1261,Student 1261,Business,89.65,2026-05-12 12:12:40
STU1263,Student 1263,Arts,82.17,2026-05-12 12:12:40
STU1264,Student 1264,Engineering,99.66,2026-05-12 12:12:40
STU1266,Student 1266,Engineering,78.72,2026-05-12 12:12:40
STU1268,Student 1268,Business,62.26,2026-05-12 12:12:40
STU1269,Student 1269,Business,79.38,2026-05-12 12:12:40
STU1271,Student 1271,Computer Science,90.07,2026-05-12 12:12:40
STU1272,Student 1272,Business,92.89,2026-05-12 12:12:40
STU1273,Student 1273,Business,85.73,2026-05-12 12:12:40
STU1275,Student 1275,Engineering,74.81,2026-05-12 12:12:40
STU1276,Student 1276,Business,62.4,2026-05-12 12:12:40
STU1277,Student 1277,Computer Science,89.0,2026-05-12 12:12:40
STU1279,Student 1279,Engineering,87.36,2026-05-12 12:12:40
STU1280,Student 1280,Computer Science,63.44,2026-05-12 12:12:40
STU1282,Student 1282,Computer Science,52.44,2026-05-12 12:12:40
STU1285,Student 1285,Science,67.03,2026-05-12 12:12:40
STU1287,Student 1287,Science,92.51,2026-05-12 12:12:40
STU1288,Student 1288,Business,76.92,2026-05-12 12:12:40
STU1289,Student 1289,Business,84.24,2026-05-12 12:12:40
STU1293,Student 1293,Business,92.83,2026-05-12 12:12:40
STU1294,Student 1294,Computer Science,53.02,2026-05-12 12:12:40
STU1301,Student 1301,Science,86.0,2026-05-12 12:12:40
STU1304,Student 1304,Computer Science,50.77,2026-05-12 12:12:40
STU1306,Student 1306,Computer Science,92.69,2026-05-12 12:12:40
STU1307,Student 1307,Engineering,81.85,2026-05-12 12:12:40
STU1309,Student 1309,Business,63.73,2026-05-12 12:12:40
STU1311,Student 1311,Computer Science,70.05,2026-05-12 12:12:40
STU1315,Student 1315,Science,80.56,2026-05-12 12:12:40
STU1318,Student 1318,Computer Science,95.88,2026-05-12 12:12:40
STU1320,Student 1320,Science,71.16,2026-05-12 12:12:40
STU1321,Student 1321,Arts,95.6,2026-05-12 12:12:40
STU1323,Student 1323,Computer Science,81.22,2026-05-12 12:12:40
STU1324,Student 1324,Computer Science,94.92,2026-05-12 12:12:40
STU1325,Student 1325,Business,74.94,2026-05-12 12:12:40
STU1326,Student 1326,Computer Science,87.77,2026-05-12 12:12:40
STU1327,Student 1327,Science,77.49,2026-05-12 12:12:40
STU1329,Student 1329,Arts,88.49,2026-05-12 12:12:40
STU1330,Student 1330,Arts,82.1,2026-05-12 12:12:40
STU1331,Student 1331,Business,72.65,2026-05-12 12:12:40
STU1332,Student 1332,Engineering,99.14,2026-05-12 12:12:40
STU1334,Student 1334,Business,81.29,2026-05-12 12:12:40
STU1335,Student 1335,Science,87.78,2026-05-12 12:12:40
STU1337,Student 1337,Science,89.56,2026-05-12 12:12:40
STU1338,Student 1338,Computer Science,88.58,2026-05-12 12:12:40
STU1339,Student 1339,Science,55.13,2026-05-12 12:12:40
STU1340,Student 1340,Science,51.08,2026-05-12 12:12:40
STU1342,Student 1342,Business,75.27,2026-05-12 12:12:40
STU1343,Student 1343,Science,73.26,2026-05-12 12:12:40
STU1344,Student 1344,Arts,97.12,2026-05-12 12:12:40
STU1345,Student 1345,Business,94.14,2026-05-12 12:12:40
STU1348,Student 1348,Science,80.5,2026-05-12 12:12:40
STU1349,Student 1349,Computer Science,55.67,2026-05-12 12:12:40
STU1354,Student 1354,Science,89.09,2026-05-12 12:12:40
STU1356,Student 1356,Business,53.74,2026-05-12 12:12:40
STU1358,Student 1358,Science,65.45,2026-05-12 12:12:40
STU1361,Student 1361,Business,95.74,2026-05-12 12:12:40
STU1363,Student 1363,Engineering,85.88,2026-05-12 12:12:40
STU1364,Student 1364,Computer Science,76.52,2026-05-12 12:12:40
STU1365,Student 1365,Business,62.87,2026-05-12 12:12:40
STU1368,Student 1368,Engineering,97.29,2026-05-12 12:12:40
STU1370,Student 1370,Science,60.79,2026-05-12 12:12:40
STU1372,Student 1372,Science,93.33,2026-05-12 12:12:40
STU1374,Student 1374,Business,80.14,2026-05-12 12:12:40
STU1376,Student 1376,Computer Science,84.08,2026-05-12 12:12:40
STU1377,Student 1377,Business,89.36,2026-05-12 12:12:40
STU1378,Student 1378,Arts,71.6,2026-05-12 12:12:40
STU1379,Student 1379,Engineering,85.35,2026-05-12 12:12:40
STU1381,Student 1381,Engineering,53.37,2026-05-12 12:12:40
STU1383,Student 1383,Arts,79.46,2026-05-12 12:12:40
STU1385,Student 1385,Business,96.79,2026-05-12 12:12:40
STU1386,Student 1386,Science,66.91,2026-05-12 12:12:40
STU1389,Student 1389,Arts,64.46,2026-05-12 12:12:40
STU1390,Student 1390,Computer Science,85.18,2026-05-12 12:12:40
STU1391,Student 1391,Engineering,75.54,2026-05-12 12:12:40
STU1392,Student 1392,Science,91.35,2026-05-12 12:12:40
STU1396,Student 1396,Computer Science,51.4,2026-05-12 12:12:40
STU1399,Student 1399,Science,94.92,2026-05-12 12:12:40
STU1400,Student 1400,Science,77.38,2026-05-12 12:12:40
STU1401,Student 1401,Computer Science,81.69,2026-05-12 12:12:40
STU1402,Student 1402,Engineering,76.83,2026-05-12 12:12:40
STU1403,Student 1403,Business,69.42,2026-05-12 12:12:40
STU1404,Student 1404,Business,54.01,2026-05-12 12:12:40
STU1405,Student 1405,Business,70.62,2026-05-12 12:12:40
STU1408,Student 1408,Science,88.42,2026-05-12 12:12:40
STU1410,Student 1410,Business,84.4,2026-05-12 12:12:40
STU1412,Student 1412,Science,91.6,2026-05-12 12:12:40
STU1413,Student 1413,Business,68.24,2026-05-12 12:12:40
STU1414,Student 1414,Science,94.39,2026-05-12 12:12:40
STU1415,Student 1415,Science,61.29,2026-05-12 12:12:40
STU1419,Student 1419,Business,61.89,2026-05-12 12:12:40
STU1422,Student 1422,Computer Science,62.24,2026-05-12 12:12:40
STU1424,Student 1424,Business,97.44,2026-05-12 12:12:40
STU1425,Student 1425,Business,91.09,2026-05-12 12:12:40
STU1426,Student 1426,Computer Science,70.07,2026-05-12 12:12:40
STU1429,Student 1429,Engineering,69.64,2026-05-12 12:12:40
STU1431,Student 1431,Business,85.77,2026-05-12 12:12:40
STU1432,Student 1432,Engineering,93.92,2026-05-12 12:12:40
STU1433,Student 1433,Science,86.43,2026-05-12 12:12:40
STU1435,Student 1435,Arts,89.09,2026-05-12 12:12:40
STU1436,Student 1436,Business,78.19,2026-05-12 12:12:40
STU1444,Student 1444,Engineering,54.36,2026-05-12 12:12:40
STU1446,Student 1446,Engineering,96.86,2026-05-12 12:12:40
STU1447,Student 1447,Computer Science,73.51,2026-05-12 12:12:40
STU1448,Student 1448,Engineering,94.54,2026-05-12 12:12:40
STU1450,Student 1450,Engineering,63.95,2026-05-12 12:12:40
STU1458,Student 1458,Science,83.82,2026-05-12 12:12:40
STU1459,Student 1459,Engineering,90.55,2026-05-12 12:12:40
STU1461,Student 1461,Computer Science,71.32,2026-05-12 12:12:40
STU1462,Student 1462,Business,65.11,2026-05-12 12:12:40
STU1465,Student 1465,Business,68.34,2026-05-12 12:12:40
STU1470,Student 1470,Business,75.48,2026-05-12 12:12:40
STU1471,Student 1471,Arts,58.63,2026-05-12 12:12:40
STU1472,Student 1472,Business,96.69,2026-05-12 12:12:40
STU1473,Student 1473,Arts,63.19,2026-05-12 12:12:40
STU1475,Student 1475,Business,82.93,2026-05-12 12:12:40
STU1478,Student 1478,Science,88.77,2026-05-12 12:12:40
STU1480,Student 1480,Science,66.55,2026-05-12 12:12:40
STU1482,Student 1482,Computer Science,87.6,2026-05-12 12:12:40
STU1483,Student 1483,Engineering,52.22,2026-05-12 12:12:40
STU1484,Student 1484,Arts,83.91,2026-05-12 12:12:40
STU1485,Student 1485,Science,83.12,2026-05-12 12:12:40
STU1488,Student 1488,Science,88.11,2026-05-12 12:12:40
STU1491,Student 1491,Arts,76.42,2026-05-12 12:12:40
STU1494,Student 1494,Computer Science,52.88,2026-05-12 12:12:40
STU1497,Student 1497,Engineering,95.32,2026-05-12 12:12:40
STU1498,Student 1498,Arts,50.66,2026-05-12 12:12:40
STU1504,Student 1504,Arts,95.97,2026-05-12 12:12:40
STU1505,Student 1505,Computer Science,97.23,2026-05-12 12:12:40
STU1508,Student 1508,Arts,74.13,2026-05-12 12:12:40
STU1509,Student 1509,Science,61.33,2026-05-12 12:12:40
STU1510,Student 1510,Computer Science,89.57,2026-05-12 12:12:40
STU1512,Student 1512,Engineering,95.26,2026-05-12 12:12:40
STU1514,Student 1514,Business,92.58,2026-05-12 12:12:40
STU1518,Student 1518,Science,69.58,2026-05-12 12:12:40
STU1521,Student 1521,Engineering,60.74,2026-05-12 12:12:40
STU1522,Student 1522,Engineering,80.98,2026-05-12 12:12:40
STU1523,Student 1523,Arts,71.9,2026-05-12 12:12:40
STU1528,Student 1528,Business,81.01,2026-05-12 12:12:40
STU1529,Student 1529,Arts,61.6,2026-05-12 12:12:40
STU1532,Student 1532,Engineering,76.51,2026-05-12 12:12:40
STU1536,Student 1536,Science,81.5,2026-05-12 12:12:40
STU1538,Student 1538,Business,73.42,2026-05-12 12:12:40
STU1546,Student 1546,Engineering,98.9,2026-05-12 12:12:40
STU1550,Student 1550,Business,90.94,2026-05-12 12:12:40
STU1551,Student 1551,Business,54.36,2026-05-12 12:12:40
STU1552,Student 1552,Engineering,74.89,2026-05-12 12:12:40
STU1553,Student 1553,Arts,60.14,2026-05-12 12:12:40
STU1555,Student 1555,Science,88.12,2026-05-12 12:12:40
STU1556,Student 1556,Engineering,51.81,2026-05-12 12:12:40
STU1558,Student 1558,Arts,61.43,2026-05-12 12:12:40
STU1563,Student 1563,Engineering,57.38,2026-05-12 12:12:40
STU1564,Student 1564,Computer Science,84.88,2026-05-12 12:12:40
STU1565,Student 1565,Engineering,96.01,2026-05-12 12:12:40
STU1566,Student 1566,Business,55.21,2026-05-12 12:12:40
STU1567,Student 1567,Engineering,91.99,2026-05-12 12:12:40
STU1568,Student 1568,Engineering,90.51,2026-05-12 12:12:40
STU1572,Student 1572,Engineering,83.67,2026-05-12 12:12:40
STU1577,Student 1577,Science,89.44,2026-05-12 12:12:40
STU1578,Student 1578,Arts,85.31,2026-05-12 12:12:40
STU1583,Student 1583,Engineering,94.32,2026-05-12 12:12:40
STU1584,Student 1584,Business,73.11,2026-05-12 12:12:40
STU1586,Student 1586,Business,81.49,2026-05-12 12:12:40
STU1588,Student 1588,Computer Science,52.18,2026-05-12 12:12:40
STU1590,Student 1590,Arts,87.99,2026-05-12 12:12:40
STU1591,Student 1591,Arts,78.86,2026-05-12 12:12:40
STU1592,Student 1592,Arts,56.45,2026-05-12 12:12:40
STU1593,Student 1593,Computer Science,87.7,2026-05-12 12:12:40
STU1595,Student 1595,Business,88.79,2026-05-12 12:12:40
STU1598,Student 1598,Engineering,80.65,2026-05-12 12:12:40
STU1602,Student 1602,Arts,61.86,2026-05-12 12:12:40
STU1605,Student 1605,Science,50.27,2026-05-12 12:12:40
STU1611,Student 1611,Computer Science,52.42,2026-05-12 12:12:40
STU1617,Student 1617,Business,87.58,2026-05-12 12:12:40
STU1619,Student 1619,Engineering,93.17,2026-05-12 12:12:40
STU1620,Student 1620,Science,79.75,2026-05-12 12:12:40
STU1622,Student 1622,Arts,69.55,2026-05-12 12:12:40
STU1624,Student 1624,Business,65.49,2026-05-12 12:12:40
STU1625,Student 1625,Business,66.19,2026-05-12 12:12:40
STU1626,Student 1626,Science,87.65,2026-05-12 12:12:40
STU1627,Student 1627,Computer Science,63.98,2026-05-12 12:12:40
STU1628,Student 1628,Engineering,65.63,2026-05-12 12:12:40
STU1629,Student 1629,Computer Science,67.21,2026-05-12 12:12:40
STU1631,Student 1631,Engineering,98.4,2026-05-12 12:12:40
STU1633,Student 1633,Engineering,73.13,2026-05-12 12:12:40
STU1634,Student 1634,Business,63.63,2026-05-12 12:12:40
STU1635,Student 1635,Arts,65.71,2026-05-12 12:12:40
STU1636,Student 1636,Computer Science,75.72,2026-05-12 12:12:40
STU1637,Student 1637,Arts,55.55,2026-05-12 12:12:40
STU1638,Student 1638,Computer Science,89.19,2026-05-12 12:12:40
STU1640,Student 1640,Business,97.78,2026-05-12 12:12:40
STU1642,Student 1642,Arts,67.98,2026-05-12 12:12:40
STU1643,Student 1643,Business,73.64,2026-05-12 12:12:40
STU1644,Student 1644,Science,67.57,2026-05-12 12:12:40
STU1645,Student 1645,Engineering,88.01,2026-05-12 12:12:40
STU1648,Student 1648,Computer Science,86.21,2026-05-12 12:12:40
STU1650,Student 1650,Business,64.38,2026-05-12 12:12:40
STU1653,Student 1653,Science,87.7,2026-05-12 12:12:40
STU1654,Student 1654,Arts,61.92,2026-05-12 12:12:40
STU1655,Student 1655,Computer Science,64.04,2026-05-12 12:12:40
STU1656,Student 1656,Science,73.84,2026-05-12 12:12:40
STU1657,Student 1657,Business,55.77,2026-05-12 12:12:40
STU1660,Student 1660,Science,89.93,2026-05-12 12:12:40
STU1661,Student 1661,Business,57.31,2026-05-12 12:12:40
STU1663,Student 1663,Engineering,95.77,2026-05-12 12:12:40
STU1664,Student 1664,Computer Science,91.14,2026-05-12 12:12:40
STU1665,Student 1665,Engineering,72.16,2026-05-12 12:12:40
STU1666,Student 1666,Engineering,82.65,2026-05-12 12:12:40
STU1667,Student 1667,Science,69.61,2026-05-12 12:12:40
STU1668,Student 1668,Engineering,92.37,2026-05-12 12:12:40
STU1671,Student 1671,Engineering,68.66,2026-05-12 12:12:40
STU1672,Student 1672,Business,93.68,2026-05-12 12:12:40
STU1677,Student 1677,Engineering,72.05,2026-05-12 12:12:40
STU1679,Student 1679,Engineering,71.73,2026-05-12 12:12:40
STU1681,Student 1681,Arts,59.93,2026-05-12 12:12:40
STU1684,Student 1684,Computer Science,93.23,2026-05-12 12:12:40
STU1685,Student 1685,Computer Science,66.22,2026-05-12 12:12:40
STU1687,Student 1687,Computer Science,96.05,2026-05-12 12:12:40
STU1688,Student 1688,Business,78.26,2026-05-12 12:12:40
STU1689,Student 1689,Engineering,93.78,2026-05-12 12:12:40
STU1692,Student 1692,Arts,99.15,2026-05-12 12:12:40
STU1693,Student 1693,Arts,50.91,2026-05-12 12:12:40
STU1696,Student 1696,Arts,88.93,2026-05-12 12:12:40
STU1698,Student 1698,Science,58.28,2026-05-12 12:12:40
STU1702,Student 1702,Computer Science,74.16,2026-05-12 12:12:40
STU1703,Student 1703,Computer Science,88.36,2026-05-12 12:12:40
STU1705,Student 1705,Science,75.7,2026-05-12 12:12:40
STU1706,Student 1706,Business,85.66,2026-05-12 12:12:40
STU1707,Student 1707,Engineering,55.91,2026-05-12 12:12:40
STU1710,Student 1710,Business,84.0,2026-05-12 12:12:40
STU1712,Student 1712,Science,56.61,2026-05-12 12:12:40
STU1715,Student 1715,Engineering,95.04,2026-05-12 12:12:40
STU1716,Student 1716,Business,93.42,2026-05-12 12:12:40
STU1718,Student 1718,Computer Science,74.29,2026-05-12 12:12:40
STU1721,Student 1721,Computer Science,96.4,2026-05-12 12:12:40
STU1724,Student 1724,Business,60.66,2026-05-12 12:12:40
STU1725,Student 1725,Business,83.26,2026-05-12 12:12:40
STU1726,Student 1726,Computer Science,75.54,2026-05-12 12:12:40
STU1729,Student 1729,Arts,51.32,2026-05-12 12:12:40
STU1730,Student 1730,Engineering,53.88,2026-05-12 12:12:40
STU1731,Student 1731,Computer Science,96.35,2026-05-12 12:12:40
STU1732,Student 1732,Arts,62.07,2026-05-12 12:12:40
STU1733,Student 1733,Arts,67.89,2026-05-12 12:12:40
STU1736,Student 1736,Engineering,81.55,2026-05-12 12:12:40
STU1739,Student 1739,Business,53.49,2026-05-12 12:12:40
STU1741,Student 1741,Engineering,59.44,2026-05-12 12:12:40
STU1742,Student 1742,Arts,92.28,2026-05-12 12:12:40
STU1743,Student 1743,Engineering,51.94,2026-05-12 12:12:40
STU1744,Student 1744,Business,90.71,2026-05-12 12:12:40
STU1745,Student 1745,Computer Science,55.96,2026-05-12 12:12:40
STU1746,Student 1746,Engineering,95.49,2026-05-12 12:12:40
STU1751,Student 1751,Computer Science,97.48,2026-05-12 12:12:40
STU1753,Student 1753,Computer Science,98.12,2026-05-12 12:12:40
STU1755,Student 1755,Business,51.55,2026-05-12 12:12:40
STU1756,Student 1756,Arts,95.21,2026-05-12 12:12:40
STU1759,Student 1759,Arts,88.89,2026-05-12 12:12:40
STU1760,Student 1760,Business,57.03,2026-05-12 12:12:40
STU1762,Student 1762,Arts,53.35,2026-05-12 12:12:40
STU1763,Student 1763,Science,91.38,2026-05-12 12:12:40
STU1765,Student 1765,Business,56.78,2026-05-12 12:12:40
STU1767,Student 1767,Engineering,66.79,2026-05-12 12:12:40
STU1768,Student 1768,Computer Science,65.96,2026-05-12 12:12:40
STU1770,Student 1770,Computer Science,64.25,2026-05-12 12:12:40
STU1776,Student 1776,Arts,76.73,2026-05-12 12:12:40
STU1777,Student 1777,Business,61.43,2026-05-12 12:12:40
STU1779,Student 1779,Science,57.8,2026-05-12 12:12:40
STU1781,Student 1781,Engineering,78.24,2026-05-12 12:12:40
STU1783,Student 1783,Engineering,55.57,2026-05-12 12:12:40
STU1784,Student 1784,Computer Science,52.97,2026-05-12 12:12:40
STU1785,Student 1785,Science,54.17,2026-05-12 12:12:40
STU1788,Student 1788,Science,60.8,2026-05-12 12:12:40
STU1791,Student 1791,Business,75.47,2026-05-12 12:12:40
STU1792,Student 1792,Computer Science,80.42,2026-05-12 12:12:40
STU1801,Student 1801,Science,72.58,2026-05-12 12:12:40
STU1803,Student 1803,Science,75.7,2026-05-12 12:12:40
STU1804,Student 1804,Engineering,91.38,2026-05-12 12:12:40
STU1805,Student 1805,Computer Science,59.07,2026-05-12 12:12:40
STU1806,Student 1806,Arts,96.39,2026-05-12 12:12:40
STU1808,Student 1808,Business,71.32,2026-05-12 12:12:40
STU1811,Student 1811,Engineering,57.76,2026-05-12 12:12:40
STU1813,Student 1813,Science,74.55,2026-05-12 12:12:40
STU1818,Student 1818,Arts,66.25,2026-05-12 12:12:40
STU1820,Student 1820,Science,59.61,2026-05-12 12:12:40
STU1826,Student 1826,Engineering,54.84,2026-05-12 12:12:40
STU1828,Student 1828,Science,93.03,2026-05-12 12:12:40
STU1829,Student 1829,Engineering,64.09,2026-05-12 12:12:40
STU1832,Student 1832,Science,59.45,2026-05-12 12:12:40
STU1833,Student 1833,Engineering,58.71,2026-05-12 12:12:40
STU1834,Student 1834,Business,56.05,2026-05-12 12:12:40
STU1835,Student 1835,Engineering,77.65,2026-05-12 12:12:40
STU1836,Student 1836,Science,53.61,2026-05-12 12:12:40
STU1837,Student 1837,Computer Science,98.67,2026-05-12 12:12:40
STU1838,Student 1838,Science,90.76,2026-05-12 12:12:40
STU1840,Student 1840,Computer Science,90.58,2026-05-12 12:12:40
STU1841,Student 1841,Science,66.89,2026-05-12 12:12:40
STU1844,Student 1844,Business,52.76,2026-05-12 12:12:40
STU1846,Student 1846,Business,80.19,2026-05-12 12:12:40
STU1848,Student 1848,Computer Science,69.27,2026-05-12 12:12:40
STU1849,Student 1849,Engineering,95.45,2026-05-12 12:12:40
STU1850,Student 1850,Engineering,92.93,2026-05-12 12:12:40
STU1852,Student 1852,Computer Science,50.06,2026-05-12 12:12:40
STU1853,Student 1853,Business,79.75,2026-05-12 12:12:40
STU1854,Student 1854,Arts,83.06,2026-05-12 12:12:40
STU1855,Student 1855,Computer Science,51.98,2026-05-12 12:12:40
STU1856,Student 1856,Engineering,98.9,2026-05-12 12:12:40
STU1859,Student 1859,Arts,79.21,2026-05-12 12:12:40
STU1861,Student 1861,Engineering,86.11,2026-05-12 12:12:40
STU1863,Student 1863,Engineering,53.85,2026-05-12 12:12:40
STU1865,Student 1865,Computer Science,54.34,2026-05-12 12:12:40
STU1866,Student 1866,Arts,95.67,2026-05-12 12:12:40
STU1867,Student 1867,Business,62.91,2026-05-12 12:12:40
STU1869,Student 1869,Science,81.9,2026-05-12 12:12:40
STU1873,Student 1873,Science,90.0,2026-05-12 12:12:40
STU1874,Student 1874,Arts,50.79,2026-05-12 12:12:40
STU1876,Student 1876,Engineering,57.34,2026-05-12 12:12:40
STU1878,Student 1878,Business,82.52,2026-05-12 12:12:40
STU1880,Student 1880,Arts,91.85,2026-05-12 12:12:40
STU1881,Student 1881,Engineering,72.25,2026-05-12 12:12:40
STU1882,Student 1882,Business,73.95,2026-05-12 12:12:40
STU1888,Student 1888,Arts,82.19,2026-05-12 12:12:40
STU1892,Student 1892,Business,56.05,2026-05-12 12:12:40
STU1894,Student 1894,Engineering,90.15,2026-05-12 12:12:40
STU1895,Student 1895,Engineering,82.13,2026-05-12 12:12:40
STU1896,Student 1896,Computer Science,59.62,2026-05-12 12:12:40
STU1897,Student 1897,Computer Science,75.67,2026-05-12 12:12:40
STU1898,Student 1898,Engineering,85.69,2026-05-12 12:12:40
STU1899,Student 1899,Engineering,92.27,2026-05-12 12:12:40
STU1901,Student 1901,Engineering,97.33,2026-05-12 12:12:40
STU1902,Student 1902,Business,62.65,2026-05-12 12:12:40
STU1905,Student 1905,Arts,71.5,2026-05-12 12:12:40
STU1906,Student 1906,Arts,96.0,2026-05-12 12:12:40
STU1907,Student 1907,Arts,63.38,2026-05-12 12:12:40
STU1909,Student 1909,Computer Science,88.8,2026-05-12 12:12:40
STU1910,Student 1910,Business,92.0,2026-05-12 12:12:40
STU1911,Student 1911,Business,73.75,2026-05-12 12:12:40
STU1912,Student 1912,Business,84.06,2026-05-12 12:12:40
STU1914,Student 1914,Computer Science,98.05,2026-05-12 12:12:40
STU1915,Student 1915,Business,74.42,2026-05-12 12:12:40
STU1916,Student 1916,Engineering,65.25,2026-05-12 12:12:40
STU1919,Student 1919,Arts,75.53,2026-05-12 12:12:40
STU1921,Student 1921,Engineering,81.8,2026-05-12 12:12:40
STU1922,Student 1922,Arts,63.75,2026-05-12 12:12:40
STU1923,Student 1923,Arts,51.27,2026-05-12 12:12:40
STU1924,Student 1924,Business,77.77,2026-05-12 12:12:40
STU1925,Student 1925,Computer Science,93.08,2026-05-12 12:12:40
STU1929,Student 1929,Business,56.88,2026-05-12 12:12:40
STU1931,Student 1931,Business,73.03,2026-05-12 12:12:40
STU1933,Student 1933,Business,62.32,2026-05-12 12:12:40
STU1936,Student 1936,Arts,92.75,2026-05-12 12:12:40
STU1937,Student 1937,Computer Science,63.27,2026-05-12 12:12:40
STU1938,Student 1938,Arts,58.96,2026-05-12 12:12:40
STU1939,Student 1939,Arts,88.66,2026-05-12 12:12:40
STU1940,Student 1940,Engineering,69.17,2026-05-12 12:12:40
STU1942,Student 1942,Arts,69.81,2026-05-12 12:12:40
STU1944,Student 1944,Engineering,91.36,2026-05-12 12:12:40
STU1946,Student 1946,Engineering,54.69,2026-05-12 12:12:40
STU1947,Student 1947,Engineering,95.26,2026-05-12 12:12:40
STU1948,Student 1948,Computer Science,59.92,2026-05-12 12:12:40
STU1950,Student 1950,Arts,88.65,2026-05-12 12:12:40
STU1956,Student 1956,Arts,72.06,2026-05-12 12:12:40
STU1960,Student 1960,Business,91.04,2026-05-12 12:12:40
STU1961,Student 1961,Science,88.73,2026-05-12 12:12:40
STU1963,Student 1963,Computer Science,91.06,2026-05-12 12:12:40
STU1965,Student 1965,Computer Science,53.12,2026-05-12 12:12:40
STU1967,Student 1967,Arts,81.53,2026-05-12 12:12:40
STU1970,Student 1970,Science,83.67,2026-05-12 12:12:40
STU1973,Student 1973,Science,64.88,2026-05-12 12:12:40
STU1975,Student 1975,Computer Science,53.86,2026-05-12 12:12:40
STU1977,Student 1977,Science,55.16,2026-05-12 12:12:40
STU1978,Student 1978,Computer Science,99.58,2026-05-12 12:12:40
STU1979,Student 1979,Engineering,60.13,2026-05-12 12:12:40
STU1980,Student 1980,Business,94.42,2026-05-12 12:12:40
STU1981,Student 1981,Computer Science,96.38,2026-05-12 12:12:40
STU1982,Student 1982,Arts,68.4,2026-05-12 12:12:40
STU1985,Student 1985,Computer Science,54.25,2026-05-12 12:12:40
STU1986,Student 1986,Arts,91.83,2026-05-12 12:12:40
STU1988,Student 1988,Engineering,78.73,2026-05-12 12:12:40
STU1989,Student 1989,Arts,65.12,2026-05-12 12:12:40
STU1992,Student 1992,Science,59.42,2026-05-12 12:12:40
STU1993,Student 1993,Computer Science,56.47,2026-05-12 12:12:40
STU1994,Student 1994,Arts,92.69,2026-05-12 12:12:40
STU1995,Student 1995,Computer Science,72.43,2026-05-12 12:12:40
STU1996,Student 1996,Computer Science,51.23,2026-05-12 12:12:40
STU1997,Student 1997,Arts,91.13,2026-05-12 12:12:40
STU1999,Student 1999,Engineering,68.7,2026-05-12 12:12:40
STU2001,Student 2001,Business,55.19,2026-05-12 12:12:40
STU2003,Student 2003,Computer Science,75.73,2026-05-12 12:12:40
STU2007,Student 2007,Computer Science,54.26,2026-05-12 12:12:40
STU2008,Student 2008,Science,70.75,2026-05-12 12:12:40
STU2013,Student 2013,Computer Science,68.82,2026-05-12 12:12:40
STU2014,Student 2014,Engineering,73.1,2026-05-12 12:12:40
STU2015,Student 2015,Computer Science,83.31,2026-05-12 12:12:40
STU2016,Student 2016,Computer Science,74.12,2026-05-12 12:12:40
STU2017,Student 2017,Business,50.12,2026-05-12 12:12:40
STU2018,Student 2018,Science,87.25,2026-05-12 12:12:40
STU2019,Student 2019,Computer Science,89.78,2026-05-12 12:12:40
STU2020,Student 2020,Computer Science,93.23,2026-05-12 12:12:40
STU2021,Student 2021,Science,56.98,2026-05-12 12:12:40
STU2022,Student 2022,Science,84.57,2026-05-12 12:12:40
STU2023,Student 2023,Science,53.36,2026-05-12 12:12:40
STU2025,Student 2025,Science,62.49,2026-05-12 12:12:40
STU2026,Student 2026,Computer Science,78.35,2026-05-12 12:12:40
STU2027,Student 2027,Business,73.75,2026-05-12 12:12:40
STU2028,Student 2028,Computer Science,90.09,2026-05-12 12:12:40
STU2033,Student 2033,Computer Science,60.2,2026-05-12 12:12:40
STU2034,Student 2034,Business,94.57,2026-05-12 12:12:40
STU2035,Student 2035,Business,50.64,2026-05-12 12:12:40
STU2037,Student 2037,Business,85.64,2026-05-12 12:12:40
STU2038,Student 2038,Engineering,84.43,2026-05-12 12:12:40
STU2040,Student 2040,Engineering,90.29,2026-05-12 12:12:40
STU2043,Student 2043,Science,80.43,2026-05-12 12:12:40
STU2044,Student 2044,Engineering,66.42,2026-05-12 12:12:40
STU2050,Student 2050,Arts,69.72,2026-05-12 12:12:40
STU2051,Student 2051,Engineering,74.32,2026-05-12 12:12:40
STU2052,Student 2052,Engineering,57.28,2026-05-12 12:12:40
STU2053,Student 2053,Engineering,86.19,2026-05-12 12:12:40
STU2056,Student 2056,Science,65.74,2026-05-12 12:12:40
STU2057,Student 2057,Science,99.79,2026-05-12 12:12:40
STU2058,Student 2058,Business,92.82,2026-05-12 12:12:40
STU2062,Student 2062,Science,77.42,2026-05-12 12:12:40
STU2067,Student 2067,Business,60.79,2026-05-12 12:12:40
STU2070,Student 2070,Arts,94.86,2026-05-12 12:12:40
STU2071,Student 2071,Arts,72.74,2026-05-12 12:12:40
STU2075,Student 2075,Computer Science,73.93,2026-05-12 12:12:40
STU2077,Student 2077,Computer Science,65.01,2026-05-12 12:12:40
STU2079,Student 2079,Computer Science,68.77,2026-05-12 12:12:40
STU2080,Student 2080,Engineering,98.16,2026-05-12 12:12:40
STU2081,Student 2081,Computer Science,95.12,2026-05-12 12:12:40
STU2084,Student 2084,Business,66.96,2026-05-12 12:12:40
STU2086,Student 2086,Business,68.13,2026-05-12 12:12:40
STU2087,Student 2087,Arts,99.13,2026-05-12 12:12:40
STU2088,Student 2088,Arts,72.37,2026-05-12 12:12:40
STU2089,Student 2089,Engineering,53.79,2026-05-12 12:12:40
STU2090,Student 2090,Arts,57.27,2026-05-12 12:12:40
STU2091,Student 2091,Arts,60.9,2026-05-12 12:12:40
STU2092,Student 2092,Computer Science,50.4,2026-05-12 12:12:40
STU2096,Student 2096,Arts,70.26,2026-05-12 12:12:40
STU2097,Student 2097,Computer Science,85.58,2026-05-12 12:12:40
STU2099,Student 2099,Engineering,53.37,2026-05-12 12:12:40
STU2102,Student 2102,Arts,66.64,2026-05-12 12:12:40
STU2103,Student 2103,Science,52.19,2026-05-12 12:12:40
STU2105,Student 2105,Science,97.43,2026-05-12 12:12:40
STU2106,Student 2106,Arts,99.42,2026-05-12 12:12:40
STU2110,Student 2110,Business,55.89,2026-05-12 12:12:40
STU2111,Student 2111,Science,52.71,2026-05-12 12:12:40
STU2114,Student 2114,Engineering,86.86,2026-05-12 12:12:40
STU2116,Student 2116,Arts,63.07,2026-05-12 12:12:40
STU2118,Student 2118,Science,99.04,2026-05-12 12:12:40
STU2119,Student 2119,Engineering,98.74,2026-05-12 12:12:40
STU2120,Student 2120,Arts,55.49,2026-05-12 12:12:40
STU2121,Student 2121,Computer Science,68.35,2026-05-12 12:12:40
STU2123,Student 2123,Computer Science,97.75,2026-05-12 12:12:40
STU2124,Student 2124,Engineering,90.27,2026-05-12 12:12:40
STU2126,Student 2126,Engineering,60.95,2026-05-12 12:12:40
STU2127,Student 2127,Business,66.13,2026-05-12 12:12:40
STU2128,Student 2128,Arts,51.57,2026-05-12 12:12:40
STU2129,Student 2129,Business,88.96,2026-05-12 12:12:40
STU2130,Student 2130,Business,75.21,2026-05-12 12:12:40
STU2135,Student 2135,Engineering,92.64,2026-05-12 12:12:40
STU2138,Student 2138,Business,90.91,2026-05-12 12:12:40
STU2142,Student 2142,Business,62.13,2026-05-12 12:12:40
STU2146,Student 2146,Engineering,55.65,2026-05-12 12:12:40
STU2149,Student 2149,Computer Science,89.43,2026-05-12 12:12:40
STU2151,Student 2151,Engineering,56.54,2026-05-12 12:12:40
STU2152,Student 2152,Arts,85.89,2026-05-12 12:12:40
STU2153,Student 2153,Computer Science,92.27,2026-05-12 12:12:40
STU2156,Student 2156,Business,57.97,2026-05-12 12:12:40
STU2157,Student 2157,Arts,51.36,2026-05-12 12:12:40
STU2159,Student 2159,Arts,73.55,2026-05-12 12:12:40
STU2160,Student 2160,Business,87.54,2026-05-12 12:12:40
STU2161,Student 2161,Computer Science,90.02,2026-05-12 12:12:40
STU2163,Student 2163,Science,54.01,2026-05-12 12:12:40
STU2164,Student 2164,Science,85.04,2026-05-12 12:12:40
STU2165,Student 2165,Business,66.59,2026-05-12 12:12:40
STU2166,Student 2166,Arts,57.68,2026-05-12 12:12:40
STU2170,Student 2170,Business,65.84,2026-05-12 12:12:40
STU2172,Student 2172,Engineering,85.53,2026-05-12 12:12:40
STU2173,Student 2173,Business,54.26,2026-05-12 12:12:40
STU2175,Student 2175,Engineering,78.4,2026-05-12 12:12:40
STU2176,Student 2176,Science,64.57,2026-05-12 12:12:40
STU2179,Student 2179,Arts,64.05,2026-05-12 12:12:40
STU2181,Student 2181,Business,91.08,2026-05-12 12:12:40
STU2182,Student 2182,Computer Science,90.35,2026-05-12 12:12:40
STU2184,Student 2184,Computer Science,87.46,2026-05-12 12:12:40
STU2185,Student 2185,Science,73.65,2026-05-12 12:12:40
STU2188,Student 2188,Computer Science,96.58,2026-05-12 12:12:40
STU2196,Student 2196,Science,57.69,2026-05-12 12:12:40
STU2197,Student 2197,Arts,97.17,2026-05-12 12:12:40
STU2198,Student 2198,Computer Science,78.05,2026-05-12 12:12:40
STU2200,Student 2200,Computer Science,77.16,2026-05-12 12:12:40
STU2201,Student 2201,Arts,71.44,2026-05-12 12:12:40
STU2203,Student 2203,Engineering,83.88,2026-05-12 12:12:40
STU2204,Student 2204,Engineering,91.0,2026-05-12 12:12:40
STU2205,Student 2205,Computer Science,90.68,2026-05-12 12:12:40
STU2207,Student 2207,Engineering,61.84,2026-05-12 12:12:40
STU2208,Student 2208,Science,86.67,2026-05-12 12:12:40
STU2209,Student 2209,Business,91.45,2026-05-12 12:12:40
STU2211,Student 2211,Arts,55.61,2026-05-12 12:12:40
STU2212,Student 2212,Computer Science,88.95,2026-05-12 12:12:40
STU2213,Student 2213,Arts,70.48,2026-05-12 12:12:40
STU2216,Student 2216,Computer Science,63.1,2026-05-12 12:12:40
STU2218,Student 2218,Arts,68.77,2026-05-12 12:12:40
STU2219,Student 2219,Business,70.3,2026-05-12 12:12:40
STU2220,Student 2220,Computer Science,59.2,2026-05-12 12:12:40
STU2221,Student 2221,Science,56.28,2026-05-12 12:12:40
STU2223,Student 2223,Engineering,78.34,2026-05-12 12:12:40
STU2224,Student 2224,Arts,58.81,2026-05-12 12:12:40
STU2225,Student 2225,Science,67.25,2026-05-12 12:12:40
STU2226,Student 2226,Computer Science,85.54,2026-05-12 12:12:40
STU2229,Student 2229,Engineering,58.9,2026-05-12 12:12:40
STU2231,Student 2231,Engineering,86.64,2026-05-12 12:12:40
STU2232,Student 2232,Science,56.26,2026-05-12 12:12:40
STU2233,Student 2233,Science,62.54,2026-05-12 12:12:40
STU2236,Student 2236,Arts,89.31,2026-05-12 12:12:40
STU2237,Student 2237,Computer Science,57.78,2026-05-12 12:12:40
STU2238,Student 2238,Business,61.54,2026-05-12 12:12:40
STU2239,Student 2239,Business,89.76,2026-05-12 12:12:40
STU2240,Student 2240,Science,68.88,2026-05-12 12:12:40
STU2242,Student 2242,Arts,98.88,2026-05-12 12:12:40
STU2248,Student 2248,Business,94.86,2026-05-12 12:12:40
STU2250,Student 2250,Engineering,79.02,2026-05-12 12:12:40
STU2253,Student 2253,Arts,83.76,2026-05-12 12:12:40
STU2254,Student 2254,Business,58.22,2026-05-12 12:12:40
STU2256,Student 2256,Business,66.02,2026-05-12 12:12:40
STU2259,Student 2259,Arts,91.56,2026-05-12 12:12:40
STU2260,Student 2260,Computer Science,70.13,2026-05-12 12:12:40
STU2261,Student 2261,Science,73.97,2026-05-12 12:12:40
STU2263,Student 2263,Science,91.37,2026-05-12 12:12:40
STU2265,Student 2265,Business,65.19,2026-05-12 12:12:40
STU2267,Student 2267,Computer Science,81.98,2026-05-12 12:12:40
STU2268,Student 2268,Computer Science,57.51,2026-05-12 12:12:40
STU2270,Student 2270,Engineering,63.71,2026-05-12 12:12:40
STU2271,Student 2271,Engineering,94.71,2026-05-12 12:12:40
STU2272,Student 2272,Arts,54.85,2026-05-12 12:12:40
STU2273,Student 2273,Computer Science,61.31,2026-05-12 12:12:40
STU2275,Student 2275,Science,64.31,2026-05-12 12:12:40
STU2276,Student 2276,Business,83.8,2026-05-12 12:12:40
STU2279,Student 2279,Business,92.06,2026-05-12 12:12:40
STU2280,Student 2280,Business,87.47,2026-05-12 12:12:40
STU2281,Student 2281,Science,85.81,2026-05-12 12:12:40
STU2283,Student 2283,Science,89.53,2026-05-12 12:12:40
STU2285,Student 2285,Business,88.46,2026-05-12 12:12:40
STU2288,Student 2288,Engineering,75.66,2026-05-12 12:12:40
STU2290,Student 2290,Arts,76.33,2026-05-12 12:12:40
STU2291,Student 2291,Arts,97.75,2026-05-12 12:12:40
STU2294,Student 2294,Science,61.24,2026-05-12 12:12:40
STU2295,Student 2295,Computer Science,98.68,2026-05-12 12:12:40
STU2297,Student 2297,Engineering,68.59,2026-05-12 12:12:40
STU2299,Student 2299,Engineering,78.11,2026-05-12 12:12:40
STU2303,Student 2303,Science,60.12,2026-05-12 12:12:40
STU2305,Student 2305,Engineering,66.05,2026-05-12 12:12:40
STU2307,Student 2307,Science,56.6,2026-05-12 12:12:40
STU2309,Student 2309,Engineering,93.1,2026-05-12 12:12:40
STU2310,Student 2310,Computer Science,87.47,2026-05-12 12:12:40
STU2311,Student 2311,Business,91.62,2026-05-12 12:12:40
STU2313,Student 2313,Business,78.41,2026-05-12 12:12:40
STU2314,Student 2314,Science,67.08,2026-05-12 12:12:40
STU2315,Student 2315,Engineering,86.31,2026-05-12 12:12:40
STU2316,Student 2316,Science,76.57,2026-05-12 12:12:40
STU2318,Student 2318,Computer Science,92.02,2026-05-12 12:12:40
STU2319,Student 2319,Computer Science,78.78,2026-05-12 12:12:40
STU2323,Student 2323,Science,62.43,2026-05-12 12:12:40
STU2327,Student 2327,Computer Science,89.74,2026-05-12 12:12:40
STU2328,Student 2328,Business,53.63,2026-05-12 12:12:40
STU2332,Student 2332,Computer Science,84.42,2026-05-12 12:12:40
STU2333,Student 2333,Business,74.92,2026-05-12 12:12:40
STU2334,Student 2334,Science,51.88,2026-05-12 12:12:40
STU2335,Student 2335,Science,76.14,2026-05-12 12:12:40
STU2337,Student 2337,Computer Science,63.4,2026-05-12 12:12:40
STU2338,Student 2338,Computer Science,55.95,2026-05-12 12:12:40
STU2341,Student 2341,Arts,76.8,2026-05-12 12:12:40
STU2343,Student 2343,Computer Science,79.37,2026-05-12 12:12:40
STU2345,Student 2345,Computer Science,95.34,2026-05-12 12:12:40
STU2349,Student 2349,Engineering,62.81,2026-05-12 12:12:40
STU2350,Student 2350,Business,52.35,2026-05-12 12:12:40
STU2352,Student 2352,Arts,57.38,2026-05-12 12:12:40
STU2353,Student 2353,Arts,88.95,2026-05-12 12:12:40
STU2355,Student 2355,Arts,54.91,2026-05-12 12:12:40
STU2357,Student 2357,Business,70.0,2026-05-12 12:12:40
STU2365,Student 2365,Science,95.69,2026-05-12 12:12:40
STU2370,Student 2370,Engineering,70.73,2026-05-12 12:12:40
STU2371,Student 2371,Computer Science,54.75,2026-05-12 12:12:40
STU2372,Student 2372,Computer Science,64.06,2026-05-12 12:12:40
STU2373,Student 2373,Engineering,76.11,2026-05-12 12:12:40
STU2374,Student 2374,Engineering,52.03,2026-05-12 12:12:40
STU2378,Student 2378,Computer Science,93.14,2026-05-12 12:12:40
STU2381,Student 2381,Business,93.67,2026-05-12 12:12:40
STU2383,Student 2383,Arts,59.99,2026-05-12 12:12:40
STU2385,Student 2385,Arts,73.87,2026-05-12 12:12:40
STU2386,Student 2386,Science,85.59,2026-05-12 12:12:40
STU2391,Student 2391,Science,95.1,2026-05-12 12:12:40
STU2392,Student 2392,Business,73.27,2026-05-12 12:12:40
STU2393,Student 2393,Arts,76.84,2026-05-12 12:12:40
STU2397,Student 2397,Business,72.7,2026-05-12 12:12:40
STU2399,Student 2399,Computer Science,54.28,2026-05-12 12:12:40
STU2403,Student 2403,Arts,72.1,2026-05-12 12:12:40
STU2404,Student 2404,Business,67.9,2026-05-12 12:12:40
STU2406,Student 2406,Science,88.41,2026-05-12 12:12:40
STU2407,Student 2407,Computer Science,92.7,2026-05-12 12:12:40
STU2408,Student 2408,Computer Science,59.03,2026-05-12 12:12:40
STU2409,Student 2409,Science,71.42,2026-05-12 12:12:40
STU2410,Student 2410,Science,86.54,2026-05-12 12:12:40
STU2413,Student 2413,Engineering,97.21,2026-05-12 12:12:40
STU2414,Student 2414,Engineering,75.55,2026-05-12 12:12:40
STU2416,Student 2416,Science,67.82,2026-05-12 12:12:40
STU2419,Student 2419,Engineering,97.93,2026-05-12 12:12:40
STU2422,Student 2422,Business,98.04,2026-05-12 12:12:40
STU2423,Student 2423,Business,96.51,2026-05-12 12:12:40
STU2425,Student 2425,Science,87.01,2026-05-12 12:12:40
STU2427,Student 2427,Arts,75.96,2026-05-12 12:12:40
STU2428,Student 2428,Computer Science,84.47,2026-05-12 12:12:40
STU2429,Student 2429,Computer Science,92.01,2026-05-12 12:12:40
STU2430,Student 2430,Computer Science,51.14,2026-05-12 12:12:40
STU2432,Student 2432,Engineering,72.61,2026-05-12 12:12:40
STU2435,Student 2435,Arts,50.37,2026-05-12 12:12:40
STU2437,Student 2437,Engineering,75.66,2026-05-12 12:12:40
STU2443,Student 2443,Science,72.68,2026-05-12 12:12:40
STU2446,Student 2446,Arts,65.69,2026-05-12 12:12:40
STU2448,Student 2448,Engineering,62.12,2026-05-12 12:12:40
STU2449,Student 2449,Business,74.34,2026-05-12 12:12:40
STU2450,Student 2450,Arts,83.53,2026-05-12 12:12:40
STU2451,Student 2451,Engineering,64.53,2026-05-12 12:12:40
STU2452,Student 2452,Science,90.06,2026-05-12 12:12:40
STU2455,Student 2455,Science,77.68,2026-05-12 12:12:40
STU2456,Student 2456,Computer Science,93.95,2026-05-12 12:12:40
STU2457,Student 2457,Business,58.74,2026-05-12 12:12:40
STU2458,Student 2458,Business,50.09,2026-05-12 12:12:40
STU2459,Student 2459,Arts,54.91,2026-05-12 12:12:40
STU2460,Student 2460,Engineering,97.34,2026-05-12 12:12:40
STU2461,Student 2461,Arts,60.04,2026-05-12 12:12:40
STU2463,Student 2463,Engineering,76.46,2026-05-12 12:12:40
STU2465,Student 2465,Computer Science,60.55,2026-05-12 12:12:40
STU2469,Student 2469,Arts,55.83,2026-05-12 12:12:40
STU2473,Student 2473,Business,70.2,2026-05-12 12:12:40
STU2475,Student 2475,Computer Science,87.08,2026-05-12 12:12:40
STU2476,Student 2476,Engineering,96.03,2026-05-12 12:12:40
STU2477,Student 2477,Business,79.85,2026-05-12 12:12:40
STU2480,Student 2480,Computer Science,55.42,2026-05-12 12:12:40
STU2484,Student 2484,Computer Science,74.52,2026-05-12 12:12:40
STU2488,Student 2488,Engineering,85.44,2026-05-12 12:12:40
STU2489,Student 2489,Engineering,60.37,2026-05-12 12:12:40
STU2490,Student 2490,Computer Science,54.68,2026-05-12 12:12:40
STU2493,Student 2493,Arts,68.42,2026-05-12 12:12:40
STU2495,Student 2495,Business,74.69,2026-05-12 12:12:40
STU2498,Student 2498,Science,56.6,2026-05-12 12:12:40
STU2500,Student 2500,Science,78.97,2026-05-12 12:12:40
STU2505,Student 2505,Business,64.44,2026-05-12 12:12:40
STU2507,Student 2507,Science,68.33,2026-05-12 12:12:40
STU2508,Student 2508,Engineering,58.64,2026-05-12 12:12:40
STU2511,Student 2511,Business,95.97,2026-05-12 12:12:40
STU2513,Student 2513,Science,96.27,2026-05-12 12:12:40
STU2515,Student 2515,Computer Science,74.5,2026-05-12 12:12:40
STU2516,Student 2516,Science,62.95,2026-05-12 12:12:40
STU2518,Student 2518,Business,98.47,2026-05-12 12:12:40
STU2519,Student 2519,Arts,60.21,2026-05-12 12:12:40
STU2520,Student 2520,Business,72.15,2026-05-12 12:12:40
STU2521,Student 2521,Science,58.57,2026-05-12 12:12:40
STU2522,Student 2522,Engineering,50.37,2026-05-12 12:12:40
STU2524,Student 2524,Business,80.28,2026-05-12 12:12:40
STU2525,Student 2525,Engineering,95.8,2026-05-12 12:12:40
STU2526,Student 2526,Arts,59.35,2026-05-12 12:12:40
STU2528,Student 2528,Science,64.87,2026-05-12 12:12:40
STU2529,Student 2529,Arts,64.4,2026-05-12 12:12:40
STU2531,Student 2531,Arts,54.92,2026-05-12 12:12:40
STU2532,Student 2532,Arts,89.3,2026-05-12 12:12:40
STU2536,Student 2536,Arts,70.3,2026-05-12 12:12:40
STU2538,Student 2538,Computer Science,55.31,2026-05-12 12:12:40
STU2539,Student 2539,Science,99.04,2026-05-12 12:12:40
STU2542,Student 2542,Arts,89.75,2026-05-12 12:12:40
STU2544,Student 2544,Engineering,80.33,2026-05-12 12:12:40
STU2545,Student 2545,Business,96.72,2026-05-12 12:12:40
STU2546,Student 2546,Engineering,88.65,2026-05-12 12:12:40
STU2548,Student 2548,Engineering,77.49,2026-05-12 12:12:40
STU2549,Student 2549,Arts,52.23,2026-05-12 12:12:40
STU2551,Student 2551,Science,71.88,2026-05-12 12:12:40
STU2553,Student 2553,Computer Science,69.16,2026-05-12 12:12:40
STU2555,Student 2555,Engineering,57.81,2026-05-12 12:12:40
STU2558,Student 2558,Business,57.0,2026-05-12 12:12:40
STU2561,Student 2561,Business,85.78,2026-05-12 12:12:40
STU2563,Student 2563,Computer Science,97.35,2026-05-12 12:12:40
STU2565,Student 2565,Business,67.43,2026-05-12 12:12:40
STU2570,Student 2570,Business,51.62,2026-05-12 12:12:40
STU2572,Student 2572,Engineering,96.74,2026-05-12 12:12:40
STU2574,Student 2574,Computer Science,97.65,2026-05-12 12:12:40
STU2575,Student 2575,Engineering,61.17,2026-05-12 12:12:40
STU2578,Student 2578,Business,91.4,2026-05-12 12:12:40
STU2580,Student 2580,Business,85.48,2026-05-12 12:12:40
STU2584,Student 2584,Engineering,56.2,2026-05-12 12:12:40
STU2586,Student 2586,Business,68.33,2026-05-12 12:12:40
STU2593,Student 2593,Engineering,96.44,2026-05-12 12:12:40
STU2596,Student 2596,Engineering,94.16,2026-05-12 12:12:40
STU2599,Student 2599,Business,82.63,2026-05-12 12:12:40
STU2601,Student 2601,Science,56.76,2026-05-12 12:12:40
STU2603,Student 2603,Business,67.54,2026-05-12 12:12:40
STU2604,Student 2604,Arts,53.86,2026-05-12 12:12:40
STU2605,Student 2605,Engineering,59.19,2026-05-12 12:12:40
STU2609,Student 2609,Science,65.24,2026-05-12 12:12:40
STU2611,Student 2611,Engineering,80.2,2026-05-12 12:12:40
STU2619,Student 2619,Arts,68.51,2026-05-12 12:12:40
STU2620,Student 2620,Engineering,69.0,2026-05-12 12:12:40
STU2621,Student 2621,Business,99.88,2026-05-12 12:12:40
STU2623,Student 2623,Arts,69.86,2026-05-12 12:12:40
STU2624,Student 2624,Arts,98.73,2026-05-12 12:12:40
STU2626,Student 2626,Computer Science,80.61,2026-05-12 12:12:40
STU2629,Student 2629,Science,71.01,2026-05-12 12:12:40
STU2630,Student 2630,Arts,59.95,2026-05-12 12:12:40
STU2631,Student 2631,Arts,61.92,2026-05-12 12:12:40
STU2635,Student 2635,Engineering,53.44,2026-05-12 12:12:40
STU2638,Student 2638,Arts,62.98,2026-05-12 12:12:40
STU2641,Student 2641,Engineering,99.54,2026-05-12 12:12:40
STU2642,Student 2642,Engineering,61.36,2026-05-12 12:12:40
STU2645,Student 2645,Business,99.47,2026-05-12 12:12:40
STU2646,Student 2646,Arts,58.01,2026-05-12 12:12:40
STU2647,Student 2647,Engineering,55.48,2026-05-12 12:12:40
STU2650,Student 2650,Computer Science,64.66,2026-05-12 12:12:40
STU2652,Student 2652,Science,54.1,2026-05-12 12:12:40
STU2655,Student 2655,Science,72.4,2026-05-12 12:12:40
STU2656,Student 2656,Business,55.67,2026-05-12 12:12:40
STU2658,Student 2658,Science,70.2,2026-05-12 12:12:40
STU2661,Student 2661,Computer Science,62.43,2026-05-12 12:12:40
STU2666,Student 2666,Computer Science,98.32,2026-05-12 12:12:40
STU2667,Student 2667,Arts,70.75,2026-05-12 12:12:40
STU2671,Student 2671,Engineering,64.36,2026-05-12 12:12:40
STU2672,Student 2672,Business,86.56,2026-05-12 12:12:40
STU2674,Student 2674,Arts,51.88,2026-05-12 12:12:40
STU2677,Student 2677,Science,99.43,2026-05-12 12:12:40
STU2678,Student 2678,Science,98.95,2026-05-12 12:12:40
STU2683,Student 2683,Science,58.64,2026-05-12 12:12:40
STU2685,Student 2685,Business,69.04,2026-05-12 12:12:40
STU2686,Student 2686,Computer Science,75.59,2026-05-12 12:12:40
STU2687,Student 2687,Computer Science,87.65,2026-05-12 12:12:40
STU2691,Student 2691,Arts,52.24,2026-05-12 12:12:40
STU2693,Student 2693,Arts,82.23,2026-05-12 12:12:40
STU2695,Student 2695,Business,81.8,2026-05-12 12:12:40
STU2696,Student 2696,Engineering,98.22,2026-05-12 12:12:40
STU2697,Student 2697,Computer Science,61.76,2026-05-12 12:12:40
STU2698,Student 2698,Arts,87.03,2026-05-12 12:12:40
STU2699,Student 2699,Science,64.43,2026-05-12 12:12:40
STU2706,Student 2706,Business,68.46,2026-05-12 12:12:40
STU2707,Student 2707,Computer Science,78.18,2026-05-12 12:12:40
STU2708,Student 2708,Computer Science,61.39,2026-05-12 12:12:40
STU2710,Student 2710,Computer Science,54.21,2026-05-12 12:12:40
STU2715,Student 2715,Computer Science,95.17,2026-05-12 12:12:40
STU2716,Student 2716,Business,74.95,2026-05-12 12:12:40
STU2717,Student 2717,Arts,69.13,2026-05-12 12:12:40
STU2722,Student 2722,Science,97.98,2026-05-12 12:12:40
STU2725,Student 2725,Engineering,89.49,2026-05-12 12:12:40
STU2726,Student 2726,Computer Science,86.92,2026-05-12 12:12:40
STU2727,Student 2727,Arts,61.07,2026-05-12 12:12:40
STU2732,Student 2732,Arts,83.87,2026-05-12 12:12:40
STU2736,Student 2736,Arts,69.42,2026-05-12 12:12:40
STU2737,Student 2737,Business,60.93,2026-05-12 12:12:40
STU2739,Student 2739,Arts,94.51,2026-05-12 12:12:40
STU2742,Student 2742,Business,84.03,2026-05-12 12:12:40
STU2744,Student 2744,Engineering,57.29,2026-05-12 12:12:40
STU2745,Student 2745,Computer Science,64.17,2026-05-12 12:12:40
STU2748,Student 2748,Computer Science,78.33,2026-05-12 12:12:40
STU2749,Student 2749,Business,74.14,2026-05-12 12:12:40
STU2753,Student 2753,Business,87.73,2026-05-12 12:12:40
STU2755,Student 2755,Engineering,97.93,2026-05-12 12:12:40
STU2757,Student 2757,Computer Science,74.55,2026-05-12 12:12:40
STU2758,Student 2758,Science,59.28,2026-05-12 12:12:40
STU2760,Student 2760,Engineering,80.06,2026-05-12 12:12:40
STU2761,Student 2761,Business,95.14,2026-05-12 12:12:40
STU2763,Student 2763,Arts,99.85,2026-05-12 12:12:40
STU2764,Student 2764,Arts,99.55,2026-05-12 12:12:40
STU2765,Student 2765,Engineering,70.04,2026-05-12 12:12:40
STU2766,Student 2766,Computer Science,65.58,2026-05-12 12:12:40
STU2769,Student 2769,Computer Science,81.95,2026-05-12 12:12:40
STU2770,Student 2770,Arts,78.12,2026-05-12 12:12:40
STU2773,Student 2773,Engineering,88.83,2026-05-12 12:12:40
STU2774,Student 2774,Arts,82.87,2026-05-12 12:12:40
STU2775,Student 2775,Computer Science,93.98,2026-05-12 12:12:40
STU2778,Student 2778,Engineering,81.52,2026-05-12 12:12:40
STU2779,Student 2779,Business,80.06,2026-05-12 12:12:40
STU2782,Student 2782,Engineering,96.47,2026-05-12 12:12:40
STU2783,Student 2783,Computer Science,73.27,2026-05-12 12:12:40
STU2784,Student 2784,Business,50.95,2026-05-12 12:12:40
STU2791,Student 2791,Arts,68.36,2026-05-12 12:12:40
STU2792,Student 2792,Computer Science,77.05,2026-05-12 12:12:40
STU2793,Student 2793,Arts,97.47,2026-05-12 12:12:40
STU2795,Student 2795,Arts,94.19,2026-05-12 12:12:40
STU2801,Student 2801,Business,70.93,2026-05-12 12:12:40
STU2802,Student 2802,Science,93.88,2026-05-12 12:12:40
STU2803,Student 2803,Science,63.43,2026-05-12 12:12:40
STU2807,Student 2807,Arts,76.43,2026-05-12 12:12:40
STU2810,Student 2810,Science,89.97,2026-05-12 12:12:40
STU2811,Student 2811,Business,70.21,2026-05-12 12:12:40
STU2816,Student 2816,Engineering,94.1,2026-05-12 12:12:40
STU2819,Student 2819,Engineering,90.66,2026-05-12 12:12:40
STU2821,Student 2821,Engineering,68.17,2026-05-12 12:12:40
STU2822,Student 2822,Engineering,90.22,2026-05-12 12:12:40
STU2823,Student 2823,Science,95.68,2026-05-12 12:12:40
STU2826,Student 2826,Science,60.93,2026-05-12 12:12:40
STU2833,Student 2833,Business,94.65,2026-05-12 12:12:40
STU2834,Student 2834,Computer Science,63.77,2026-05-12 12:12:40
STU2836,Student 2836,Computer Science,74.04,2026-05-12 12:12:40
STU2838,Student 2838,Computer Science,72.95,2026-05-12 12:12:40
STU2841,Student 2841,Engineering,82.57,2026-05-12 12:12:40
STU2843,Student 2843,Engineering,98.58,2026-05-12 12:12:40
STU2846,Student 2846,Computer Science,53.15,2026-05-12 12:12:40
STU2847,Student 2847,Science,62.86,2026-05-12 12:12:40
STU2848,Student 2848,Science,61.45,2026-05-12 12:12:40
STU2849,Student 2849,Engineering,78.18,2026-05-12 12:12:40
STU2850,Student 2850,Computer Science,71.94,2026-05-12 12:12:40
STU2852,Student 2852,Business,98.02,2026-05-12 12:12:40
STU2854,Student 2854,Engineering,67.21,2026-05-12 12:12:40
STU2859,Student 2859,Science,54.84,2026-05-12 12:12:40
STU2860,Student 2860,Arts,87.48,2026-05-12 12:12:40
STU2863,Student 2863,Science,80.43,2026-05-12 12:12:40
STU2864,Student 2864,Business,75.26,2026-05-12 12:12:40
STU2865,Student 2865,Business,57.3,2026-05-12 12:12:40
STU2867,Student 2867,Science,63.89,2026-05-12 12:12:40
STU2869,Student 2869,Business,88.25,2026-05-12 12:12:40
STU2870,Student 2870,Arts,79.41,2026-05-12 12:12:40
STU2871,Student 2871,Science,71.74,2026-05-12 12:12:40
STU2873,Student 2873,Computer Science,84.2,2026-05-12 12:12:40
STU2874,Student 2874,Science,99.08,2026-05-12 12:12:40
STU2875,Student 2875,Engineering,74.94,2026-05-12 12:12:40
STU2876,Student 2876,Engineering,74.0,2026-05-12 12:12:40
STU2878,Student 2878,Computer Science,95.65,2026-05-12 12:12:40
STU2879,Student 2879,Arts,81.78,2026-05-12 12:12:40
STU2880,Student 2880,Business,78.36,2026-05-12 12:12:40
STU2882,Student 2882,Arts,70.64,2026-05-12 12:12:40
STU2884,Student 2884,Engineering,92.22,2026-05-12 12:12:40
STU2885,Student 2885,Business,99.67,2026-05-12 12:12:40
STU2886,Student 2886,Computer Science,52.39,2026-05-12 12:12:40
STU2887,Student 2887,Computer Science,78.68,2026-05-12 12:12:40
STU2888,Student 2888,Arts,71.48,2026-05-12 12:12:40
STU2889,Student 2889,Arts,60.28,2026-05-12 12:12:40
STU2893,Student 2893,Arts,50.47,2026-05-12 12:12:40
STU2894,Student 2894,Science,72.16,2026-05-12 12:12:40
STU2895,Student 2895,Computer Science,73.81,2026-05-12 12:12:40
STU2896,Student 2896,Business,94.19,2026-05-12 12:12:40
STU2898,Student 2898,Arts,75.48,2026-05-12 12:12:40
STU2902,Student 2902,Engineering,70.12,2026-05-12 12:12:40
STU2903,Student 2903,Computer Science,86.84,2026-05-12 12:12:40
STU2904,Student 2904,Engineering,69.03,2026-05-12 12:12:40
STU2908,Student 2908,Engineering,67.53,2026-05-12 12:12:40
STU2919,Student 2919,Science,65.33,2026-05-12 12:12:40
STU2924,Student 2924,Science,96.44,2026-05-12 12:12:40
STU2925,Student 2925,Arts,54.75,2026-05-12 12:12:40
STU2926,Student 2926,Computer Science,81.48,2026-05-12 12:12:40
STU2927,Student 2927,Computer Science,90.98,2026-05-12 12:12:40
STU2929,Student 2929,Business,60.3,2026-05-12 12:12:40
STU2930,Student 2930,Arts,95.71,2026-05-12 12:12:40
STU2931,Student 2931,Arts,50.53,2026-05-12 12:12:40
STU2933,Student 2933,Engineering,60.47,2026-05-12 12:12:40
STU2934,Student 2934,Arts,77.11,2026-05-12 12:12:40
STU2936,Student 2936,Computer Science,93.95,2026-05-12 12:12:40
STU2938,Student 2938,Computer Science,71.8,2026-05-12 12:12:40
STU2941,Student 2941,Engineering,89.96,2026-05-12 12:12:40
STU2945,Student 2945,Engineering,68.58,2026-05-12 12:12:40
STU2953,Student 2953,Computer Science,94.05,2026-05-12 12:12:40
STU2955,Student 2955,Engineering,84.86,2026-05-12 12:12:40
STU2956,Student 2956,Science,53.03,2026-05-12 12:12:40
STU2957,Student 2957,Computer Science,79.66,2026-05-12 12:12:40
STU2958,Student 2958,Arts,81.02,2026-05-12 12:12:40
STU2960,Student 2960,Business,50.5,2026-05-12 12:12:40
STU2961,Student 2961,Science,62.31,2026-05-12 12:12:40
STU2964,Student 2964,Arts,74.69,2026-05-12 12:12:40
STU2966,Student 2966,Arts,89.0,2026-05-12 12:12:40
STU2967,Student 2967,Computer Science,69.15,2026-05-12 12:12:40
STU2968,Student 2968,Science,53.0,2026-05-12 12:12:40
STU2970,Student 2970,Arts,75.84,2026-05-12 12:12:40
STU2972,Student 2972,Engineering,59.88,2026-05-12 12:12:40
STU2973,Student 2973,Arts,73.28,2026-05-12 12:12:40
STU2975,Student 2975,Science,90.5,2026-05-12 12:12:40
STU2976,Student 2976,Engineering,87.56,2026-05-12 12:12:40
STU2978,Student 2978,Arts,91.07,2026-05-12 12:12:40
STU2979,Student 2979,Computer Science,94.49,2026-05-12 12:12:40
STU2982,Student 2982,Engineering,64.82,2026-05-12 12:12:40
STU2983,Student 2983,Computer Science,67.14,2026-05-12 12:12:40
STU2984,Student 2984,Arts,53.83,2026-05-12 12:12:40
STU2985,Student 2985,Science,53.0,2026-05-12 12:12:40
STU2987,Student 2987,Engineering,54.17,2026-05-12 12:12:40
STU2989,Student 2989,Engineering,77.91,2026-05-12 12:12:40
STU2990,Student 2990,Computer Science,82.39,2026-05-12 12:12:40
STU2991,Student 2991,Engineering,65.97,2026-05-12 12:12:40
STU2995,Student 2995,Computer Science,81.7,2026-05-12 12:12:40
STU2996,Student 2996,Engineering,94.65,2026-05-12 12:12:40
STU2998,Student 2998,Science,65.52,2026-05-12 12:12:40
STU2999,Student 2999,Computer Science,57.14,2026-05-12 12:12:40
